creator,version,href,ns1:text,ns1:time,lat,lon,ns1:name,ns1:desc,ns1:name2,ns1:number,lat3,lon4,ns1:name5
mapstogpx.com,1.1,http://www.mapstogpx.com,Sverrir Sigmundarson,2019-10-24T14:46:45Z,26.4520248,-81.948145,Fort Myers Beach,"Fort Myers Beach, Florida 33931, USA",,,,,
mapstogpx.com,1.1,http://www.mapstogpx.com,Sverrir Sigmundarson,2019-10-24T14:46:45Z,24.5550593,-81.7799871,Key West,"Key West, Florida 33040, USA",,,,,
mapstogpx.com,1.1,http://www.mapstogpx.com,Sverrir Sigmundarson,2019-10-24T14:46:45Z,,,,,Fort Myers Beach to Key West,1,26.4520278,-81.9478567,TP001
mapstogpx.com,1.1,http://www.mapstogpx.com,Sverrir Sigmundarson,2019-10-24T14:46:45Z,,,,,Fort Myers Beach to Key West,1,26.4520278,-81.9478567,TP002
mapstogpx.com,1.1,http://www.mapstogpx.com,Sverrir Sigmundarson,2019-10-24T14:46:45Z,,,,,Fort Myers Beach to Key West,1,26.4520278,-81.9478567,TP003
mapstogpx.com,1.1,http://www.mapstogpx.com,Sverrir Sigmundarson,2019-10-24T14:46:45Z,,,,,Fort Myers Beach to Key West,1,26.45114,-81.94784,TP004
mapstogpx.com,1.1,http://www.mapstogpx.com,Sverrir Sigmundarson,2019-10-24T14:46:45Z,,,,,Fort Myers Beach to Key West,1,26.45047,-81.94786,TP005
mapstogpx.com,1.1,http://www.mapstogpx.com,Sverrir Sigmundarson,2019-10-24T14:46:45Z,,,,,Fort Myers Beach to Key West,1,26.4504661,-81.9478621,TP006
mapstogpx.com,1.1,http://www.mapstogpx.com,Sverrir Sigmundarson,2019-10-24T14:46:45Z,,,,,Fort Myers Beach to Key West,1,26.4507,-81.94852,TP007
mapstogpx.com,1.1,http://www.mapstogpx.com,Sverrir Sigmundarson,2019-10-24T14:46:45Z,,,,,Fort Myers Beach to Key West,1,26.4509,-81.94913,TP008
mapstogpx.com,1.1,http://www.mapstogpx.com,Sverrir Sigmundarson,2019-10-24T14:46:45Z,,,,,Fort Myers Beach to Key West,1,26.45106,-81.94964,TP009
mapstogpx.com,1.1,http://www.mapstogpx.com,Sverrir Sigmundarson,2019-10-24T14:46:45Z,,,,,Fort Myers Beach to Key West,1,26.45114,-81.94989,TP010
mapstogpx.com,1.1,http://www.mapstogpx.com,Sverrir Sigmundarson,2019-10-24T14:46:45Z,,,,,Fort Myers Beach to Key West,1,26.45139,-81.95066,TP011
mapstogpx.com,1.1,http://www.mapstogpx.com,Sverrir Sigmundarson,2019-10-24T14:46:45Z,,,,,Fort Myers Beach to Key West,1,26.45162,-81.95138,TP012
mapstogpx.com,1.1,http://www.mapstogpx.com,Sverrir Sigmundarson,2019-10-24T14:46:45Z,,,,,Fort Myers Beach to Key West,1,26.45187,-81.95214,TP013
mapstogpx.com,1.1,http://www.mapstogpx.com,Sverrir Sigmundarson,2019-10-24T14:46:45Z,,,,,Fort Myers Beach to Key West,1,26.45199,-81.95252,TP014
mapstogpx.com,1.1,http://www.mapstogpx.com,Sverrir Sigmundarson,2019-10-24T14:46:45Z,,,,,Fort Myers Beach to Key West,1,26.45205,-81.95272,TP015
mapstogpx.com,1.1,http://www.mapstogpx.com,Sverrir Sigmundarson,2019-10-24T14:46:45Z,,,,,Fort Myers Beach to Key West,1,26.45209,-81.95284,TP016
mapstogpx.com,1.1,http://www.mapstogpx.com,Sverrir Sigmundarson,2019-10-24T14:46:45Z,,,,,Fort Myers Beach to Key West,1,26.45215,-81.95304,TP017
mapstogpx.com,1.1,http://www.mapstogpx.com,Sverrir Sigmundarson,2019-10-24T14:46:45Z,,,,,Fort Myers Beach to Key West,1,26.45222,-81.95325,TP018
mapstogpx.com,1.1,http://www.mapstogpx.com,Sverrir Sigmundarson,2019-10-24T14:46:45Z,,,,,Fort Myers Beach to Key West,1,26.45238,-81.95374,TP019
mapstogpx.com,1.1,http://www.mapstogpx.com,Sverrir Sigmundarson,2019-10-24T14:46:45Z,,,,,Fort Myers Beach to Key West,1,26.4524,-81.95379,TP020
mapstogpx.com,1.1,http://www.mapstogpx.com,Sverrir Sigmundarson,2019-10-24T14:46:45Z,,,,,Fort Myers Beach to Key West,1,26.45247,-81.954,TP021
mapstogpx.com,1.1,http://www.mapstogpx.com,Sverrir Sigmundarson,2019-10-24T14:46:45Z,,,,,Fort Myers Beach to Key West,1,26.4525,-81.95412,TP022
mapstogpx.com,1.1,http://www.mapstogpx.com,Sverrir Sigmundarson,2019-10-24T14:46:45Z,,,,,Fort Myers Beach to Key West,1,26.45253,-81.95423,TP023
mapstogpx.com,1.1,http://www.mapstogpx.com,Sverrir Sigmundarson,2019-10-24T14:46:45Z,,,,,Fort Myers Beach to Key West,1,26.45256,-81.9543,TP024
mapstogpx.com,1.1,http://www.mapstogpx.com,Sverrir Sigmundarson,2019-10-24T14:46:45Z,,,,,Fort Myers Beach to Key West,1,26.45264,-81.95459,TP025
mapstogpx.com,1.1,http://www.mapstogpx.com,Sverrir Sigmundarson,2019-10-24T14:46:45Z,,,,,Fort Myers Beach to Key West,1,26.45269,-81.95475,TP026
mapstogpx.com,1.1,http://www.mapstogpx.com,Sverrir Sigmundarson,2019-10-24T14:46:45Z,,,,,Fort Myers Beach to Key West,1,26.45271,-81.95481,TP027
mapstogpx.com,1.1,http://www.mapstogpx.com,Sverrir Sigmundarson,2019-10-24T14:46:45Z,,,,,Fort Myers Beach to Key West,1,26.45272,-81.95484,TP028
mapstogpx.com,1.1,http://www.mapstogpx.com,Sverrir Sigmundarson,2019-10-24T14:46:45Z,,,,,Fort Myers Beach to Key West,1,26.45274,-81.95488,TP029
mapstogpx.com,1.1,http://www.mapstogpx.com,Sverrir Sigmundarson,2019-10-24T14:46:45Z,,,,,Fort Myers Beach to Key West,1,26.45275,-81.95491,TP030
mapstogpx.com,1.1,http://www.mapstogpx.com,Sverrir Sigmundarson,2019-10-24T14:46:45Z,,,,,Fort Myers Beach to Key West,1,26.45283,-81.95499,TP031
mapstogpx.com,1.1,http://www.mapstogpx.com,Sverrir Sigmundarson,2019-10-24T14:46:45Z,,,,,Fort Myers Beach to Key West,1,26.45294,-81.95509,TP032
mapstogpx.com,1.1,http://www.mapstogpx.com,Sverrir Sigmundarson,2019-10-24T14:46:45Z,,,,,Fort Myers Beach to Key West,1,26.45301,-81.95513,TP033
mapstogpx.com,1.1,http://www.mapstogpx.com,Sverrir Sigmundarson,2019-10-24T14:46:45Z,,,,,Fort Myers Beach to Key West,1,26.45306,-81.95516,TP034
mapstogpx.com,1.1,http://www.mapstogpx.com,Sverrir Sigmundarson,2019-10-24T14:46:45Z,,,,,Fort Myers Beach to Key West,1,26.45307,-81.95517,TP035
mapstogpx.com,1.1,http://www.mapstogpx.com,Sverrir Sigmundarson,2019-10-24T14:46:45Z,,,,,Fort Myers Beach to Key West,1,26.45313,-81.9552,TP036
mapstogpx.com,1.1,http://www.mapstogpx.com,Sverrir Sigmundarson,2019-10-24T14:46:45Z,,,,,Fort Myers Beach to Key West,1,26.45319,-81.95522,TP037
mapstogpx.com,1.1,http://www.mapstogpx.com,Sverrir Sigmundarson,2019-10-24T14:46:45Z,,,,,Fort Myers Beach to Key West,1,26.45326,-81.95525,TP038
mapstogpx.com,1.1,http://www.mapstogpx.com,Sverrir Sigmundarson,2019-10-24T14:46:45Z,,,,,Fort Myers Beach to Key West,1,26.45333,-81.95526,TP039
mapstogpx.com,1.1,http://www.mapstogpx.com,Sverrir Sigmundarson,2019-10-24T14:46:45Z,,,,,Fort Myers Beach to Key West,1,26.4533264,-81.9552559,TP040
mapstogpx.com,1.1,http://www.mapstogpx.com,Sverrir Sigmundarson,2019-10-24T14:46:45Z,,,,,Fort Myers Beach to Key West,1,26.4533264,-81.9552559,TP041
mapstogpx.com,1.1,http://www.mapstogpx.com,Sverrir Sigmundarson,2019-10-24T14:46:45Z,,,,,Fort Myers Beach to Key West,1,26.45344,-81.95526,TP042
mapstogpx.com,1.1,http://www.mapstogpx.com,Sverrir Sigmundarson,2019-10-24T14:46:45Z,,,,,Fort Myers Beach to Key West,1,26.45352,-81.95526,TP043
mapstogpx.com,1.1,http://www.mapstogpx.com,Sverrir Sigmundarson,2019-10-24T14:46:45Z,,,,,Fort Myers Beach to Key West,1,26.45362,-81.95524,TP044
mapstogpx.com,1.1,http://www.mapstogpx.com,Sverrir Sigmundarson,2019-10-24T14:46:45Z,,,,,Fort Myers Beach to Key West,1,26.45376,-81.95522,TP045
mapstogpx.com,1.1,http://www.mapstogpx.com,Sverrir Sigmundarson,2019-10-24T14:46:45Z,,,,,Fort Myers Beach to Key West,1,26.45383,-81.95518,TP046
mapstogpx.com,1.1,http://www.mapstogpx.com,Sverrir Sigmundarson,2019-10-24T14:46:45Z,,,,,Fort Myers Beach to Key West,1,26.45402,-81.95506,TP047
mapstogpx.com,1.1,http://www.mapstogpx.com,Sverrir Sigmundarson,2019-10-24T14:46:45Z,,,,,Fort Myers Beach to Key West,1,26.45428,-81.95493,TP048
mapstogpx.com,1.1,http://www.mapstogpx.com,Sverrir Sigmundarson,2019-10-24T14:46:45Z,,,,,Fort Myers Beach to Key West,1,26.4546,-81.95474,TP049
mapstogpx.com,1.1,http://www.mapstogpx.com,Sverrir Sigmundarson,2019-10-24T14:46:45Z,,,,,Fort Myers Beach to Key West,1,26.45504,-81.95451,TP050
mapstogpx.com,1.1,http://www.mapstogpx.com,Sverrir Sigmundarson,2019-10-24T14:46:45Z,,,,,Fort Myers Beach to Key West,1,26.45515,-81.95444,TP051
mapstogpx.com,1.1,http://www.mapstogpx.com,Sverrir Sigmundarson,2019-10-24T14:46:45Z,,,,,Fort Myers Beach to Key West,1,26.45546,-81.95429,TP052
mapstogpx.com,1.1,http://www.mapstogpx.com,Sverrir Sigmundarson,2019-10-24T14:46:45Z,,,,,Fort Myers Beach to Key West,1,26.45555,-81.95424,TP053
mapstogpx.com,1.1,http://www.mapstogpx.com,Sverrir Sigmundarson,2019-10-24T14:46:45Z,,,,,Fort Myers Beach to Key West,1,26.4557,-81.95417,TP054
mapstogpx.com,1.1,http://www.mapstogpx.com,Sverrir Sigmundarson,2019-10-24T14:46:45Z,,,,,Fort Myers Beach to Key West,1,26.45579,-81.95413,TP055
mapstogpx.com,1.1,http://www.mapstogpx.com,Sverrir Sigmundarson,2019-10-24T14:46:45Z,,,,,Fort Myers Beach to Key West,1,26.45601,-81.95404,TP056
mapstogpx.com,1.1,http://www.mapstogpx.com,Sverrir Sigmundarson,2019-10-24T14:46:45Z,,,,,Fort Myers Beach to Key West,1,26.45606,-81.95402,TP057
mapstogpx.com,1.1,http://www.mapstogpx.com,Sverrir Sigmundarson,2019-10-24T14:46:45Z,,,,,Fort Myers Beach to Key West,1,26.45613,-81.954,TP058
mapstogpx.com,1.1,http://www.mapstogpx.com,Sverrir Sigmundarson,2019-10-24T14:46:45Z,,,,,Fort Myers Beach to Key West,1,26.45613,-81.95399,TP059
mapstogpx.com,1.1,http://www.mapstogpx.com,Sverrir Sigmundarson,2019-10-24T14:46:45Z,,,,,Fort Myers Beach to Key West,1,26.45616,-81.95398,TP060
mapstogpx.com,1.1,http://www.mapstogpx.com,Sverrir Sigmundarson,2019-10-24T14:46:45Z,,,,,Fort Myers Beach to Key West,1,26.45627,-81.95395,TP061
mapstogpx.com,1.1,http://www.mapstogpx.com,Sverrir Sigmundarson,2019-10-24T14:46:45Z,,,,,Fort Myers Beach to Key West,1,26.45649,-81.95387,TP062
mapstogpx.com,1.1,http://www.mapstogpx.com,Sverrir Sigmundarson,2019-10-24T14:46:45Z,,,,,Fort Myers Beach to Key West,1,26.45659,-81.95384,TP063
mapstogpx.com,1.1,http://www.mapstogpx.com,Sverrir Sigmundarson,2019-10-24T14:46:45Z,,,,,Fort Myers Beach to Key West,1,26.45668,-81.95381,TP064
mapstogpx.com,1.1,http://www.mapstogpx.com,Sverrir Sigmundarson,2019-10-24T14:46:45Z,,,,,Fort Myers Beach to Key West,1,26.45681,-81.95378,TP065
mapstogpx.com,1.1,http://www.mapstogpx.com,Sverrir Sigmundarson,2019-10-24T14:46:45Z,,,,,Fort Myers Beach to Key West,1,26.45692,-81.95375,TP066
mapstogpx.com,1.1,http://www.mapstogpx.com,Sverrir Sigmundarson,2019-10-24T14:46:45Z,,,,,Fort Myers Beach to Key West,1,26.45711,-81.9537,TP067
mapstogpx.com,1.1,http://www.mapstogpx.com,Sverrir Sigmundarson,2019-10-24T14:46:45Z,,,,,Fort Myers Beach to Key West,1,26.45721,-81.95368,TP068
mapstogpx.com,1.1,http://www.mapstogpx.com,Sverrir Sigmundarson,2019-10-24T14:46:45Z,,,,,Fort Myers Beach to Key West,1,26.45756,-81.9536,TP069
mapstogpx.com,1.1,http://www.mapstogpx.com,Sverrir Sigmundarson,2019-10-24T14:46:45Z,,,,,Fort Myers Beach to Key West,1,26.45758,-81.95359,TP070
mapstogpx.com,1.1,http://www.mapstogpx.com,Sverrir Sigmundarson,2019-10-24T14:46:45Z,,,,,Fort Myers Beach to Key West,1,26.45793,-81.95351,TP071
mapstogpx.com,1.1,http://www.mapstogpx.com,Sverrir Sigmundarson,2019-10-24T14:46:45Z,,,,,Fort Myers Beach to Key West,1,26.45799,-81.9535,TP072
mapstogpx.com,1.1,http://www.mapstogpx.com,Sverrir Sigmundarson,2019-10-24T14:46:45Z,,,,,Fort Myers Beach to Key West,1,26.45843,-81.95339,TP073
mapstogpx.com,1.1,http://www.mapstogpx.com,Sverrir Sigmundarson,2019-10-24T14:46:45Z,,,,,Fort Myers Beach to Key West,1,26.45858,-81.95336,TP074
mapstogpx.com,1.1,http://www.mapstogpx.com,Sverrir Sigmundarson,2019-10-24T14:46:45Z,,,,,Fort Myers Beach to Key West,1,26.45874,-81.95332,TP075
mapstogpx.com,1.1,http://www.mapstogpx.com,Sverrir Sigmundarson,2019-10-24T14:46:45Z,,,,,Fort Myers Beach to Key West,1,26.45908,-81.95324,TP076
mapstogpx.com,1.1,http://www.mapstogpx.com,Sverrir Sigmundarson,2019-10-24T14:46:45Z,,,,,Fort Myers Beach to Key West,1,26.45942,-81.95315,TP077
mapstogpx.com,1.1,http://www.mapstogpx.com,Sverrir Sigmundarson,2019-10-24T14:46:45Z,,,,,Fort Myers Beach to Key West,1,26.45975,-81.95306,TP078
mapstogpx.com,1.1,http://www.mapstogpx.com,Sverrir Sigmundarson,2019-10-24T14:46:45Z,,,,,Fort Myers Beach to Key West,1,26.46011,-81.95296,TP079
mapstogpx.com,1.1,http://www.mapstogpx.com,Sverrir Sigmundarson,2019-10-24T14:46:45Z,,,,,Fort Myers Beach to Key West,1,26.46046,-81.95285,TP080
mapstogpx.com,1.1,http://www.mapstogpx.com,Sverrir Sigmundarson,2019-10-24T14:46:45Z,,,,,Fort Myers Beach to Key West,1,26.46074,-81.95277,TP081
mapstogpx.com,1.1,http://www.mapstogpx.com,Sverrir Sigmundarson,2019-10-24T14:46:45Z,,,,,Fort Myers Beach to Key West,1,26.46103,-81.95268,TP082
mapstogpx.com,1.1,http://www.mapstogpx.com,Sverrir Sigmundarson,2019-10-24T14:46:45Z,,,,,Fort Myers Beach to Key West,1,26.46126,-81.9526,TP083
mapstogpx.com,1.1,http://www.mapstogpx.com,Sverrir Sigmundarson,2019-10-24T14:46:45Z,,,,,Fort Myers Beach to Key West,1,26.46147,-81.95254,TP084
mapstogpx.com,1.1,http://www.mapstogpx.com,Sverrir Sigmundarson,2019-10-24T14:46:45Z,,,,,Fort Myers Beach to Key West,1,26.46158,-81.95252,TP085
mapstogpx.com,1.1,http://www.mapstogpx.com,Sverrir Sigmundarson,2019-10-24T14:46:45Z,,,,,Fort Myers Beach to Key West,1,26.46172,-81.95248,TP086
mapstogpx.com,1.1,http://www.mapstogpx.com,Sverrir Sigmundarson,2019-10-24T14:46:45Z,,,,,Fort Myers Beach to Key West,1,26.4617175,-81.9524817,TP087
mapstogpx.com,1.1,http://www.mapstogpx.com,Sverrir Sigmundarson,2019-10-24T14:46:45Z,,,,,Fort Myers Beach to Key West,1,26.46166,-81.95222,TP088
mapstogpx.com,1.1,http://www.mapstogpx.com,Sverrir Sigmundarson,2019-10-24T14:46:45Z,,,,,Fort Myers Beach to Key West,1,26.46163,-81.95211,TP089
mapstogpx.com,1.1,http://www.mapstogpx.com,Sverrir Sigmundarson,2019-10-24T14:46:45Z,,,,,Fort Myers Beach to Key West,1,26.46156,-81.9518,TP090
mapstogpx.com,1.1,http://www.mapstogpx.com,Sverrir Sigmundarson,2019-10-24T14:46:45Z,,,,,Fort Myers Beach to Key West,1,26.46148,-81.95144,TP091
mapstogpx.com,1.1,http://www.mapstogpx.com,Sverrir Sigmundarson,2019-10-24T14:46:45Z,,,,,Fort Myers Beach to Key West,1,26.46131,-81.95066,TP092
mapstogpx.com,1.1,http://www.mapstogpx.com,Sverrir Sigmundarson,2019-10-24T14:46:45Z,,,,,Fort Myers Beach to Key West,1,26.46114,-81.94993,TP093
mapstogpx.com,1.1,http://www.mapstogpx.com,Sverrir Sigmundarson,2019-10-24T14:46:45Z,,,,,Fort Myers Beach to Key West,1,26.46104,-81.94951,TP094
mapstogpx.com,1.1,http://www.mapstogpx.com,Sverrir Sigmundarson,2019-10-24T14:46:45Z,,,,,Fort Myers Beach to Key West,1,26.46096,-81.94918,TP095
mapstogpx.com,1.1,http://www.mapstogpx.com,Sverrir Sigmundarson,2019-10-24T14:46:45Z,,,,,Fort Myers Beach to Key West,1,26.46088,-81.94878,TP096
mapstogpx.com,1.1,http://www.mapstogpx.com,Sverrir Sigmundarson,2019-10-24T14:46:45Z,,,,,Fort Myers Beach to Key West,1,26.46085,-81.94858,TP097
mapstogpx.com,1.1,http://www.mapstogpx.com,Sverrir Sigmundarson,2019-10-24T14:46:45Z,,,,,Fort Myers Beach to Key West,1,26.46079,-81.94839,TP098
mapstogpx.com,1.1,http://www.mapstogpx.com,Sverrir Sigmundarson,2019-10-24T14:46:45Z,,,,,Fort Myers Beach to Key West,1,26.46077,-81.94831,TP099
mapstogpx.com,1.1,http://www.mapstogpx.com,Sverrir Sigmundarson,2019-10-24T14:46:45Z,,,,,Fort Myers Beach to Key West,1,26.46075,-81.94826,TP100
mapstogpx.com,1.1,http://www.mapstogpx.com,Sverrir Sigmundarson,2019-10-24T14:46:45Z,,,,,Fort Myers Beach to Key West,1,26.46071,-81.94816,TP101
mapstogpx.com,1.1,http://www.mapstogpx.com,Sverrir Sigmundarson,2019-10-24T14:46:45Z,,,,,Fort Myers Beach to Key West,1,26.46066,-81.94807,TP102
mapstogpx.com,1.1,http://www.mapstogpx.com,Sverrir Sigmundarson,2019-10-24T14:46:45Z,,,,,Fort Myers Beach to Key West,1,26.46057,-81.94791,TP103
mapstogpx.com,1.1,http://www.mapstogpx.com,Sverrir Sigmundarson,2019-10-24T14:46:45Z,,,,,Fort Myers Beach to Key West,1,26.46043,-81.94769,TP104
mapstogpx.com,1.1,http://www.mapstogpx.com,Sverrir Sigmundarson,2019-10-24T14:46:45Z,,,,,Fort Myers Beach to Key West,1,26.46006,-81.9471,TP105
mapstogpx.com,1.1,http://www.mapstogpx.com,Sverrir Sigmundarson,2019-10-24T14:46:45Z,,,,,Fort Myers Beach to Key West,1,26.46002,-81.94703,TP106
mapstogpx.com,1.1,http://www.mapstogpx.com,Sverrir Sigmundarson,2019-10-24T14:46:45Z,,,,,Fort Myers Beach to Key West,1,26.45963,-81.94639,TP107
mapstogpx.com,1.1,http://www.mapstogpx.com,Sverrir Sigmundarson,2019-10-24T14:46:45Z,,,,,Fort Myers Beach to Key West,1,26.45953,-81.94624,TP108
mapstogpx.com,1.1,http://www.mapstogpx.com,Sverrir Sigmundarson,2019-10-24T14:46:45Z,,,,,Fort Myers Beach to Key West,1,26.45947,-81.94613,TP109
mapstogpx.com,1.1,http://www.mapstogpx.com,Sverrir Sigmundarson,2019-10-24T14:46:45Z,,,,,Fort Myers Beach to Key West,1,26.45932,-81.94588,TP110
mapstogpx.com,1.1,http://www.mapstogpx.com,Sverrir Sigmundarson,2019-10-24T14:46:45Z,,,,,Fort Myers Beach to Key West,1,26.45894,-81.94526,TP111
mapstogpx.com,1.1,http://www.mapstogpx.com,Sverrir Sigmundarson,2019-10-24T14:46:45Z,,,,,Fort Myers Beach to Key West,1,26.45884,-81.9451,TP112
mapstogpx.com,1.1,http://www.mapstogpx.com,Sverrir Sigmundarson,2019-10-24T14:46:45Z,,,,,Fort Myers Beach to Key West,1,26.4588364,-81.9451009,TP113
mapstogpx.com,1.1,http://www.mapstogpx.com,Sverrir Sigmundarson,2019-10-24T14:46:45Z,,,,,Fort Myers Beach to Key West,1,26.4588364,-81.9451009,TP114
mapstogpx.com,1.1,http://www.mapstogpx.com,Sverrir Sigmundarson,2019-10-24T14:46:45Z,,,,,Fort Myers Beach to Key West,1,26.45827,-81.94535,TP115
mapstogpx.com,1.1,http://www.mapstogpx.com,Sverrir Sigmundarson,2019-10-24T14:46:45Z,,,,,Fort Myers Beach to Key West,1,26.45805,-81.94545,TP116
mapstogpx.com,1.1,http://www.mapstogpx.com,Sverrir Sigmundarson,2019-10-24T14:46:45Z,,,,,Fort Myers Beach to Key West,1,26.45783,-81.94555,TP117
mapstogpx.com,1.1,http://www.mapstogpx.com,Sverrir Sigmundarson,2019-10-24T14:46:45Z,,,,,Fort Myers Beach to Key West,1,26.45777,-81.94558,TP118
mapstogpx.com,1.1,http://www.mapstogpx.com,Sverrir Sigmundarson,2019-10-24T14:46:45Z,,,,,Fort Myers Beach to Key West,1,26.4577,-81.94559,TP119
mapstogpx.com,1.1,http://www.mapstogpx.com,Sverrir Sigmundarson,2019-10-24T14:46:45Z,,,,,Fort Myers Beach to Key West,1,26.45765,-81.94555,TP120
mapstogpx.com,1.1,http://www.mapstogpx.com,Sverrir Sigmundarson,2019-10-24T14:46:45Z,,,,,Fort Myers Beach to Key West,1,26.4576,-81.94544,TP121
mapstogpx.com,1.1,http://www.mapstogpx.com,Sverrir Sigmundarson,2019-10-24T14:46:45Z,,,,,Fort Myers Beach to Key West,1,26.45746,-81.94496,TP122
mapstogpx.com,1.1,http://www.mapstogpx.com,Sverrir Sigmundarson,2019-10-24T14:46:45Z,,,,,Fort Myers Beach to Key West,1,26.4574629,-81.9449584,TP123
mapstogpx.com,1.1,http://www.mapstogpx.com,Sverrir Sigmundarson,2019-10-24T14:46:45Z,,,,,Fort Myers Beach to Key West,1,26.45721,-81.94502,TP124
mapstogpx.com,1.1,http://www.mapstogpx.com,Sverrir Sigmundarson,2019-10-24T14:46:45Z,,,,,Fort Myers Beach to Key West,1,26.45711,-81.94503,TP125
mapstogpx.com,1.1,http://www.mapstogpx.com,Sverrir Sigmundarson,2019-10-24T14:46:45Z,,,,,Fort Myers Beach to Key West,1,26.45704,-81.94506,TP126
mapstogpx.com,1.1,http://www.mapstogpx.com,Sverrir Sigmundarson,2019-10-24T14:46:45Z,,,,,Fort Myers Beach to Key West,1,26.45699,-81.94509,TP127
mapstogpx.com,1.1,http://www.mapstogpx.com,Sverrir Sigmundarson,2019-10-24T14:46:45Z,,,,,Fort Myers Beach to Key West,1,26.45695,-81.94516,TP128
mapstogpx.com,1.1,http://www.mapstogpx.com,Sverrir Sigmundarson,2019-10-24T14:46:45Z,,,,,Fort Myers Beach to Key West,1,26.45692,-81.94522,TP129
mapstogpx.com,1.1,http://www.mapstogpx.com,Sverrir Sigmundarson,2019-10-24T14:46:45Z,,,,,Fort Myers Beach to Key West,1,26.45688,-81.9454,TP130
mapstogpx.com,1.1,http://www.mapstogpx.com,Sverrir Sigmundarson,2019-10-24T14:46:45Z,,,,,Fort Myers Beach to Key West,1,26.45687,-81.94577,TP131
mapstogpx.com,1.1,http://www.mapstogpx.com,Sverrir Sigmundarson,2019-10-24T14:46:45Z,,,,,Fort Myers Beach to Key West,1,26.45688,-81.9458,TP132
mapstogpx.com,1.1,http://www.mapstogpx.com,Sverrir Sigmundarson,2019-10-24T14:46:45Z,,,,,Fort Myers Beach to Key West,1,26.45692,-81.94617,TP133
mapstogpx.com,1.1,http://www.mapstogpx.com,Sverrir Sigmundarson,2019-10-24T14:46:45Z,,,,,Fort Myers Beach to Key West,1,26.45711,-81.94681,TP134
mapstogpx.com,1.1,http://www.mapstogpx.com,Sverrir Sigmundarson,2019-10-24T14:46:45Z,,,,,Fort Myers Beach to Key West,1,26.45744,-81.94748,TP135
mapstogpx.com,1.1,http://www.mapstogpx.com,Sverrir Sigmundarson,2019-10-24T14:46:45Z,,,,,Fort Myers Beach to Key West,1,26.45859,-81.94981,TP136
mapstogpx.com,1.1,http://www.mapstogpx.com,Sverrir Sigmundarson,2019-10-24T14:46:45Z,,,,,Fort Myers Beach to Key West,1,26.45879,-81.95026,TP137
mapstogpx.com,1.1,http://www.mapstogpx.com,Sverrir Sigmundarson,2019-10-24T14:46:45Z,,,,,Fort Myers Beach to Key West,1,26.45886,-81.95068,TP138
mapstogpx.com,1.1,http://www.mapstogpx.com,Sverrir Sigmundarson,2019-10-24T14:46:45Z,,,,,Fort Myers Beach to Key West,1,26.45884,-81.95112,TP139
mapstogpx.com,1.1,http://www.mapstogpx.com,Sverrir Sigmundarson,2019-10-24T14:46:45Z,,,,,Fort Myers Beach to Key West,1,26.45868,-81.95154,TP140
mapstogpx.com,1.1,http://www.mapstogpx.com,Sverrir Sigmundarson,2019-10-24T14:46:45Z,,,,,Fort Myers Beach to Key West,1,26.45844,-81.95179,TP141
mapstogpx.com,1.1,http://www.mapstogpx.com,Sverrir Sigmundarson,2019-10-24T14:46:45Z,,,,,Fort Myers Beach to Key West,1,26.45814,-81.95192,TP142
mapstogpx.com,1.1,http://www.mapstogpx.com,Sverrir Sigmundarson,2019-10-24T14:46:45Z,,,,,Fort Myers Beach to Key West,1,26.45764,-81.95214,TP143
mapstogpx.com,1.1,http://www.mapstogpx.com,Sverrir Sigmundarson,2019-10-24T14:46:45Z,,,,,Fort Myers Beach to Key West,1,26.45733,-81.95241,TP144
mapstogpx.com,1.1,http://www.mapstogpx.com,Sverrir Sigmundarson,2019-10-24T14:46:45Z,,,,,Fort Myers Beach to Key West,1,26.45724,-81.95262,TP145
mapstogpx.com,1.1,http://www.mapstogpx.com,Sverrir Sigmundarson,2019-10-24T14:46:45Z,,,,,Fort Myers Beach to Key West,1,26.4572,-81.95293,TP146
mapstogpx.com,1.1,http://www.mapstogpx.com,Sverrir Sigmundarson,2019-10-24T14:46:45Z,,,,,Fort Myers Beach to Key West,1,26.45728,-81.95335,TP147
mapstogpx.com,1.1,http://www.mapstogpx.com,Sverrir Sigmundarson,2019-10-24T14:46:45Z,,,,,Fort Myers Beach to Key West,1,26.45735,-81.95361,TP148
mapstogpx.com,1.1,http://www.mapstogpx.com,Sverrir Sigmundarson,2019-10-24T14:46:45Z,,,,,Fort Myers Beach to Key West,1,26.45752,-81.95428,TP149
mapstogpx.com,1.1,http://www.mapstogpx.com,Sverrir Sigmundarson,2019-10-24T14:46:45Z,,,,,Fort Myers Beach to Key West,1,26.45813,-81.95606,TP150
mapstogpx.com,1.1,http://www.mapstogpx.com,Sverrir Sigmundarson,2019-10-24T14:46:45Z,,,,,Fort Myers Beach to Key West,1,26.45916,-81.95907,TP151
mapstogpx.com,1.1,http://www.mapstogpx.com,Sverrir Sigmundarson,2019-10-24T14:46:45Z,,,,,Fort Myers Beach to Key West,1,26.45975,-81.96079,TP152
mapstogpx.com,1.1,http://www.mapstogpx.com,Sverrir Sigmundarson,2019-10-24T14:46:45Z,,,,,Fort Myers Beach to Key West,1,26.46044,-81.96231,TP153
mapstogpx.com,1.1,http://www.mapstogpx.com,Sverrir Sigmundarson,2019-10-24T14:46:45Z,,,,,Fort Myers Beach to Key West,1,26.46131,-81.9634,TP154
mapstogpx.com,1.1,http://www.mapstogpx.com,Sverrir Sigmundarson,2019-10-24T14:46:45Z,,,,,Fort Myers Beach to Key West,1,26.46243,-81.96429,TP155
mapstogpx.com,1.1,http://www.mapstogpx.com,Sverrir Sigmundarson,2019-10-24T14:46:45Z,,,,,Fort Myers Beach to Key West,1,26.46415,-81.96501,TP156
mapstogpx.com,1.1,http://www.mapstogpx.com,Sverrir Sigmundarson,2019-10-24T14:46:45Z,,,,,Fort Myers Beach to Key West,1,26.46419,-81.96502,TP157
mapstogpx.com,1.1,http://www.mapstogpx.com,Sverrir Sigmundarson,2019-10-24T14:46:45Z,,,,,Fort Myers Beach to Key West,1,26.46552,-81.96543,TP158
mapstogpx.com,1.1,http://www.mapstogpx.com,Sverrir Sigmundarson,2019-10-24T14:46:45Z,,,,,Fort Myers Beach to Key West,1,26.46632,-81.96597,TP159
mapstogpx.com,1.1,http://www.mapstogpx.com,Sverrir Sigmundarson,2019-10-24T14:46:45Z,,,,,Fort Myers Beach to Key West,1,26.46668,-81.96665,TP160
mapstogpx.com,1.1,http://www.mapstogpx.com,Sverrir Sigmundarson,2019-10-24T14:46:45Z,,,,,Fort Myers Beach to Key West,1,26.46679,-81.96742,TP161
mapstogpx.com,1.1,http://www.mapstogpx.com,Sverrir Sigmundarson,2019-10-24T14:46:45Z,,,,,Fort Myers Beach to Key West,1,26.46674,-81.96909,TP162
mapstogpx.com,1.1,http://www.mapstogpx.com,Sverrir Sigmundarson,2019-10-24T14:46:45Z,,,,,Fort Myers Beach to Key West,1,26.46641,-81.97021,TP163
mapstogpx.com,1.1,http://www.mapstogpx.com,Sverrir Sigmundarson,2019-10-24T14:46:45Z,,,,,Fort Myers Beach to Key West,1,26.46588,-81.97089,TP164
mapstogpx.com,1.1,http://www.mapstogpx.com,Sverrir Sigmundarson,2019-10-24T14:46:45Z,,,,,Fort Myers Beach to Key West,1,26.4651,-81.97147,TP165
mapstogpx.com,1.1,http://www.mapstogpx.com,Sverrir Sigmundarson,2019-10-24T14:46:45Z,,,,,Fort Myers Beach to Key West,1,26.46437,-81.97179,TP166
mapstogpx.com,1.1,http://www.mapstogpx.com,Sverrir Sigmundarson,2019-10-24T14:46:45Z,,,,,Fort Myers Beach to Key West,1,26.46368,-81.97204,TP167
mapstogpx.com,1.1,http://www.mapstogpx.com,Sverrir Sigmundarson,2019-10-24T14:46:45Z,,,,,Fort Myers Beach to Key West,1,26.46264,-81.97205,TP168
mapstogpx.com,1.1,http://www.mapstogpx.com,Sverrir Sigmundarson,2019-10-24T14:46:45Z,,,,,Fort Myers Beach to Key West,1,26.46145,-81.97209,TP169
mapstogpx.com,1.1,http://www.mapstogpx.com,Sverrir Sigmundarson,2019-10-24T14:46:45Z,,,,,Fort Myers Beach to Key West,1,26.46011,-81.97207,TP170
mapstogpx.com,1.1,http://www.mapstogpx.com,Sverrir Sigmundarson,2019-10-24T14:46:45Z,,,,,Fort Myers Beach to Key West,1,26.45679,-81.97165,TP171
mapstogpx.com,1.1,http://www.mapstogpx.com,Sverrir Sigmundarson,2019-10-24T14:46:45Z,,,,,Fort Myers Beach to Key West,1,26.4517,-81.97066,TP172
mapstogpx.com,1.1,http://www.mapstogpx.com,Sverrir Sigmundarson,2019-10-24T14:46:45Z,,,,,Fort Myers Beach to Key West,1,26.45036,-81.97027,TP173
mapstogpx.com,1.1,http://www.mapstogpx.com,Sverrir Sigmundarson,2019-10-24T14:46:45Z,,,,,Fort Myers Beach to Key West,1,26.44949,-81.97001,TP174
mapstogpx.com,1.1,http://www.mapstogpx.com,Sverrir Sigmundarson,2019-10-24T14:46:45Z,,,,,Fort Myers Beach to Key West,1,26.44793,-81.96955,TP175
mapstogpx.com,1.1,http://www.mapstogpx.com,Sverrir Sigmundarson,2019-10-24T14:46:45Z,,,,,Fort Myers Beach to Key West,1,26.4474,-81.9694,TP176
mapstogpx.com,1.1,http://www.mapstogpx.com,Sverrir Sigmundarson,2019-10-24T14:46:45Z,,,,,Fort Myers Beach to Key West,1,26.44671,-81.9692,TP177
mapstogpx.com,1.1,http://www.mapstogpx.com,Sverrir Sigmundarson,2019-10-24T14:46:45Z,,,,,Fort Myers Beach to Key West,1,26.44619,-81.96904,TP178
mapstogpx.com,1.1,http://www.mapstogpx.com,Sverrir Sigmundarson,2019-10-24T14:46:45Z,,,,,Fort Myers Beach to Key West,1,26.44131,-81.96762,TP179
mapstogpx.com,1.1,http://www.mapstogpx.com,Sverrir Sigmundarson,2019-10-24T14:46:45Z,,,,,Fort Myers Beach to Key West,1,26.4401,-81.96726,TP180
mapstogpx.com,1.1,http://www.mapstogpx.com,Sverrir Sigmundarson,2019-10-24T14:46:45Z,,,,,Fort Myers Beach to Key West,1,26.43801,-81.96665,TP181
mapstogpx.com,1.1,http://www.mapstogpx.com,Sverrir Sigmundarson,2019-10-24T14:46:45Z,,,,,Fort Myers Beach to Key West,1,26.43402,-81.96601,TP182
mapstogpx.com,1.1,http://www.mapstogpx.com,Sverrir Sigmundarson,2019-10-24T14:46:45Z,,,,,Fort Myers Beach to Key West,1,26.43053,-81.96606,TP183
mapstogpx.com,1.1,http://www.mapstogpx.com,Sverrir Sigmundarson,2019-10-24T14:46:45Z,,,,,Fort Myers Beach to Key West,1,26.37082,-81.96435,TP184
mapstogpx.com,1.1,http://www.mapstogpx.com,Sverrir Sigmundarson,2019-10-24T14:46:45Z,,,,,Fort Myers Beach to Key West,1,26.28093,-81.96179,TP185
mapstogpx.com,1.1,http://www.mapstogpx.com,Sverrir Sigmundarson,2019-10-24T14:46:45Z,,,,,Fort Myers Beach to Key West,1,26.21983,-81.96006,TP186
mapstogpx.com,1.1,http://www.mapstogpx.com,Sverrir Sigmundarson,2019-10-24T14:46:45Z,,,,,Fort Myers Beach to Key West,1,26.12998,-81.95617,TP187
mapstogpx.com,1.1,http://www.mapstogpx.com,Sverrir Sigmundarson,2019-10-24T14:46:45Z,,,,,Fort Myers Beach to Key West,1,26.04013,-81.9523,TP188
mapstogpx.com,1.1,http://www.mapstogpx.com,Sverrir Sigmundarson,2019-10-24T14:46:45Z,,,,,Fort Myers Beach to Key West,1,25.95029,-81.94843,TP189
mapstogpx.com,1.1,http://www.mapstogpx.com,Sverrir Sigmundarson,2019-10-24T14:46:45Z,,,,,Fort Myers Beach to Key West,1,25.86044,-81.94456,TP190
mapstogpx.com,1.1,http://www.mapstogpx.com,Sverrir Sigmundarson,2019-10-24T14:46:45Z,,,,,Fort Myers Beach to Key West,1,25.77059,-81.9407,TP191
mapstogpx.com,1.1,http://www.mapstogpx.com,Sverrir Sigmundarson,2019-10-24T14:46:45Z,,,,,Fort Myers Beach to Key West,1,25.68075,-81.93685,TP192
mapstogpx.com,1.1,http://www.mapstogpx.com,Sverrir Sigmundarson,2019-10-24T14:46:45Z,,,,,Fort Myers Beach to Key West,1,25.5909,-81.933,TP193
mapstogpx.com,1.1,http://www.mapstogpx.com,Sverrir Sigmundarson,2019-10-24T14:46:45Z,,,,,Fort Myers Beach to Key West,1,25.50105,-81.92916,TP194
mapstogpx.com,1.1,http://www.mapstogpx.com,Sverrir Sigmundarson,2019-10-24T14:46:45Z,,,,,Fort Myers Beach to Key West,1,25.4112,-81.92532,TP195
mapstogpx.com,1.1,http://www.mapstogpx.com,Sverrir Sigmundarson,2019-10-24T14:46:45Z,,,,,Fort Myers Beach to Key West,1,25.32136,-81.92149,TP196
mapstogpx.com,1.1,http://www.mapstogpx.com,Sverrir Sigmundarson,2019-10-24T14:46:45Z,,,,,Fort Myers Beach to Key West,1,25.23151,-81.91766,TP197
mapstogpx.com,1.1,http://www.mapstogpx.com,Sverrir Sigmundarson,2019-10-24T14:46:45Z,,,,,Fort Myers Beach to Key West,1,25.14166,-81.91385,TP198
mapstogpx.com,1.1,http://www.mapstogpx.com,Sverrir Sigmundarson,2019-10-24T14:46:45Z,,,,,Fort Myers Beach to Key West,1,25.05181,-81.91003,TP199
mapstogpx.com,1.1,http://www.mapstogpx.com,Sverrir Sigmundarson,2019-10-24T14:46:45Z,,,,,Fort Myers Beach to Key West,1,24.96197,-81.90622,TP200
mapstogpx.com,1.1,http://www.mapstogpx.com,Sverrir Sigmundarson,2019-10-24T14:46:45Z,,,,,Fort Myers Beach to Key West,1,24.87212,-81.90242,TP201
mapstogpx.com,1.1,http://www.mapstogpx.com,Sverrir Sigmundarson,2019-10-24T14:46:45Z,,,,,Fort Myers Beach to Key West,1,24.78227,-81.89862,TP202
mapstogpx.com,1.1,http://www.mapstogpx.com,Sverrir Sigmundarson,2019-10-24T14:46:45Z,,,,,Fort Myers Beach to Key West,1,24.69242,-81.89483,TP203
mapstogpx.com,1.1,http://www.mapstogpx.com,Sverrir Sigmundarson,2019-10-24T14:46:45Z,,,,,Fort Myers Beach to Key West,1,24.64955,-81.89303,TP204
mapstogpx.com,1.1,http://www.mapstogpx.com,Sverrir Sigmundarson,2019-10-24T14:46:45Z,,,,,Fort Myers Beach to Key West,1,24.64872,-81.89294,TP205
mapstogpx.com,1.1,http://www.mapstogpx.com,Sverrir Sigmundarson,2019-10-24T14:46:45Z,,,,,Fort Myers Beach to Key West,1,24.64772,-81.89239,TP206
mapstogpx.com,1.1,http://www.mapstogpx.com,Sverrir Sigmundarson,2019-10-24T14:46:45Z,,,,,Fort Myers Beach to Key West,1,24.64701,-81.8916,TP207
mapstogpx.com,1.1,http://www.mapstogpx.com,Sverrir Sigmundarson,2019-10-24T14:46:45Z,,,,,Fort Myers Beach to Key West,1,24.62695,-81.86791,TP208
mapstogpx.com,1.1,http://www.mapstogpx.com,Sverrir Sigmundarson,2019-10-24T14:46:45Z,,,,,Fort Myers Beach to Key West,1,24.62399,-81.86469,TP209
mapstogpx.com,1.1,http://www.mapstogpx.com,Sverrir Sigmundarson,2019-10-24T14:46:45Z,,,,,Fort Myers Beach to Key West,1,24.62354,-81.86423,TP210
mapstogpx.com,1.1,http://www.mapstogpx.com,Sverrir Sigmundarson,2019-10-24T14:46:45Z,,,,,Fort Myers Beach to Key West,1,24.6228,-81.86368,TP211
mapstogpx.com,1.1,http://www.mapstogpx.com,Sverrir Sigmundarson,2019-10-24T14:46:45Z,,,,,Fort Myers Beach to Key West,1,24.58165,-81.8402,TP212
mapstogpx.com,1.1,http://www.mapstogpx.com,Sverrir Sigmundarson,2019-10-24T14:46:45Z,,,,,Fort Myers Beach to Key West,1,24.57274,-81.83443,TP213
mapstogpx.com,1.1,http://www.mapstogpx.com,Sverrir Sigmundarson,2019-10-24T14:46:45Z,,,,,Fort Myers Beach to Key West,1,24.56726,-81.83018,TP214
mapstogpx.com,1.1,http://www.mapstogpx.com,Sverrir Sigmundarson,2019-10-24T14:46:45Z,,,,,Fort Myers Beach to Key West,1,24.5655,-81.82881,TP215
mapstogpx.com,1.1,http://www.mapstogpx.com,Sverrir Sigmundarson,2019-10-24T14:46:45Z,,,,,Fort Myers Beach to Key West,1,24.56327,-81.82701,TP216
mapstogpx.com,1.1,http://www.mapstogpx.com,Sverrir Sigmundarson,2019-10-24T14:46:45Z,,,,,Fort Myers Beach to Key West,1,24.56109,-81.82485,TP217
mapstogpx.com,1.1,http://www.mapstogpx.com,Sverrir Sigmundarson,2019-10-24T14:46:45Z,,,,,Fort Myers Beach to Key West,1,24.55936,-81.8224,TP218
mapstogpx.com,1.1,http://www.mapstogpx.com,Sverrir Sigmundarson,2019-10-24T14:46:45Z,,,,,Fort Myers Beach to Key West,1,24.55829,-81.82025,TP219
mapstogpx.com,1.1,http://www.mapstogpx.com,Sverrir Sigmundarson,2019-10-24T14:46:45Z,,,,,Fort Myers Beach to Key West,1,24.5579,-81.8191,TP220
mapstogpx.com,1.1,http://www.mapstogpx.com,Sverrir Sigmundarson,2019-10-24T14:46:45Z,,,,,Fort Myers Beach to Key West,1,24.55776,-81.8187,TP221
mapstogpx.com,1.1,http://www.mapstogpx.com,Sverrir Sigmundarson,2019-10-24T14:46:45Z,,,,,Fort Myers Beach to Key West,1,24.55758,-81.81715,TP222
mapstogpx.com,1.1,http://www.mapstogpx.com,Sverrir Sigmundarson,2019-10-24T14:46:45Z,,,,,Fort Myers Beach to Key West,1,24.55752,-81.81507,TP223
mapstogpx.com,1.1,http://www.mapstogpx.com,Sverrir Sigmundarson,2019-10-24T14:46:45Z,,,,,Fort Myers Beach to Key West,1,24.55777,-81.814,TP224
mapstogpx.com,1.1,http://www.mapstogpx.com,Sverrir Sigmundarson,2019-10-24T14:46:45Z,,,,,Fort Myers Beach to Key West,1,24.55833,-81.81327,TP225
mapstogpx.com,1.1,http://www.mapstogpx.com,Sverrir Sigmundarson,2019-10-24T14:46:45Z,,,,,Fort Myers Beach to Key West,1,24.5644,-81.80703,TP226
mapstogpx.com,1.1,http://www.mapstogpx.com,Sverrir Sigmundarson,2019-10-24T14:46:45Z,,,,,Fort Myers Beach to Key West,1,24.56491,-81.80632,TP227
mapstogpx.com,1.1,http://www.mapstogpx.com,Sverrir Sigmundarson,2019-10-24T14:46:45Z,,,,,Fort Myers Beach to Key West,1,24.56504,-81.80565,TP228
mapstogpx.com,1.1,http://www.mapstogpx.com,Sverrir Sigmundarson,2019-10-24T14:46:45Z,,,,,Fort Myers Beach to Key West,1,24.565,-81.80496,TP229
mapstogpx.com,1.1,http://www.mapstogpx.com,Sverrir Sigmundarson,2019-10-24T14:46:45Z,,,,,Fort Myers Beach to Key West,1,24.5648,-81.80427,TP230
mapstogpx.com,1.1,http://www.mapstogpx.com,Sverrir Sigmundarson,2019-10-24T14:46:45Z,,,,,Fort Myers Beach to Key West,1,24.56417,-81.80283,TP231
mapstogpx.com,1.1,http://www.mapstogpx.com,Sverrir Sigmundarson,2019-10-24T14:46:45Z,,,,,Fort Myers Beach to Key West,1,24.56409,-81.80272,TP232
mapstogpx.com,1.1,http://www.mapstogpx.com,Sverrir Sigmundarson,2019-10-24T14:46:45Z,,,,,Fort Myers Beach to Key West,1,24.56402,-81.80258,TP233
mapstogpx.com,1.1,http://www.mapstogpx.com,Sverrir Sigmundarson,2019-10-24T14:46:45Z,,,,,Fort Myers Beach to Key West,1,24.56401,-81.80256,TP234
mapstogpx.com,1.1,http://www.mapstogpx.com,Sverrir Sigmundarson,2019-10-24T14:46:45Z,,,,,Fort Myers Beach to Key West,1,24.56394,-81.80206,TP235
mapstogpx.com,1.1,http://www.mapstogpx.com,Sverrir Sigmundarson,2019-10-24T14:46:45Z,,,,,Fort Myers Beach to Key West,1,24.56399,-81.80106,TP236
mapstogpx.com,1.1,http://www.mapstogpx.com,Sverrir Sigmundarson,2019-10-24T14:46:45Z,,,,,Fort Myers Beach to Key West,1,24.56398,-81.80101,TP237
mapstogpx.com,1.1,http://www.mapstogpx.com,Sverrir Sigmundarson,2019-10-24T14:46:45Z,,,,,Fort Myers Beach to Key West,1,24.56395,-81.80082,TP238
mapstogpx.com,1.1,http://www.mapstogpx.com,Sverrir Sigmundarson,2019-10-24T14:46:45Z,,,,,Fort Myers Beach to Key West,1,24.5639,-81.80057,TP239
mapstogpx.com,1.1,http://www.mapstogpx.com,Sverrir Sigmundarson,2019-10-24T14:46:45Z,,,,,Fort Myers Beach to Key West,1,24.56375,-81.80012,TP240
mapstogpx.com,1.1,http://www.mapstogpx.com,Sverrir Sigmundarson,2019-10-24T14:46:45Z,,,,,Fort Myers Beach to Key West,1,24.56359,-81.79985,TP241
mapstogpx.com,1.1,http://www.mapstogpx.com,Sverrir Sigmundarson,2019-10-24T14:46:45Z,,,,,Fort Myers Beach to Key West,1,24.56344,-81.79966,TP242
mapstogpx.com,1.1,http://www.mapstogpx.com,Sverrir Sigmundarson,2019-10-24T14:46:45Z,,,,,Fort Myers Beach to Key West,1,24.56307,-81.79935,TP243
mapstogpx.com,1.1,http://www.mapstogpx.com,Sverrir Sigmundarson,2019-10-24T14:46:45Z,,,,,Fort Myers Beach to Key West,1,24.5630742,-81.7993519,TP244
mapstogpx.com,1.1,http://www.mapstogpx.com,Sverrir Sigmundarson,2019-10-24T14:46:45Z,,,,,Fort Myers Beach to Key West,1,24.5630742,-81.7993519,TP245
mapstogpx.com,1.1,http://www.mapstogpx.com,Sverrir Sigmundarson,2019-10-24T14:46:45Z,,,,,Fort Myers Beach to Key West,1,24.56267,-81.79907,TP246
mapstogpx.com,1.1,http://www.mapstogpx.com,Sverrir Sigmundarson,2019-10-24T14:46:45Z,,,,,Fort Myers Beach to Key West,1,24.56256,-81.79924,TP247
mapstogpx.com,1.1,http://www.mapstogpx.com,Sverrir Sigmundarson,2019-10-24T14:46:45Z,,,,,Fort Myers Beach to Key West,1,24.5625633,-81.7992382,TP248
mapstogpx.com,1.1,http://www.mapstogpx.com,Sverrir Sigmundarson,2019-10-24T14:46:45Z,,,,,Fort Myers Beach to Key West,1,24.56252,-81.79921,TP249
mapstogpx.com,1.1,http://www.mapstogpx.com,Sverrir Sigmundarson,2019-10-24T14:46:45Z,,,,,Fort Myers Beach to Key West,1,24.56246,-81.79922,TP250
mapstogpx.com,1.1,http://www.mapstogpx.com,Sverrir Sigmundarson,2019-10-24T14:46:45Z,,,,,Fort Myers Beach to Key West,1,24.5617,-81.79866,TP251
mapstogpx.com,1.1,http://www.mapstogpx.com,Sverrir Sigmundarson,2019-10-24T14:46:45Z,,,,,Fort Myers Beach to Key West,1,24.56111,-81.79822,TP252
mapstogpx.com,1.1,http://www.mapstogpx.com,Sverrir Sigmundarson,2019-10-24T14:46:45Z,,,,,Fort Myers Beach to Key West,1,24.56087,-81.79803,TP253
mapstogpx.com,1.1,http://www.mapstogpx.com,Sverrir Sigmundarson,2019-10-24T14:46:45Z,,,,,Fort Myers Beach to Key West,1,24.56054,-81.79778,TP254
mapstogpx.com,1.1,http://www.mapstogpx.com,Sverrir Sigmundarson,2019-10-24T14:46:45Z,,,,,Fort Myers Beach to Key West,1,24.56028,-81.7976,TP255
mapstogpx.com,1.1,http://www.mapstogpx.com,Sverrir Sigmundarson,2019-10-24T14:46:45Z,,,,,Fort Myers Beach to Key West,1,24.5602775,-81.7976038,TP256
mapstogpx.com,1.1,http://www.mapstogpx.com,Sverrir Sigmundarson,2019-10-24T14:46:45Z,,,,,Fort Myers Beach to Key West,1,24.5602775,-81.7976038,TP257
mapstogpx.com,1.1,http://www.mapstogpx.com,Sverrir Sigmundarson,2019-10-24T14:46:45Z,,,,,Fort Myers Beach to Key West,1,24.56058,-81.79711,TP258
mapstogpx.com,1.1,http://www.mapstogpx.com,Sverrir Sigmundarson,2019-10-24T14:46:45Z,,,,,Fort Myers Beach to Key West,1,24.56098,-81.79648,TP259
mapstogpx.com,1.1,http://www.mapstogpx.com,Sverrir Sigmundarson,2019-10-24T14:46:45Z,,,,,Fort Myers Beach to Key West,1,24.56118,-81.79615,TP260
mapstogpx.com,1.1,http://www.mapstogpx.com,Sverrir Sigmundarson,2019-10-24T14:46:45Z,,,,,Fort Myers Beach to Key West,1,24.56167,-81.79532,TP261
mapstogpx.com,1.1,http://www.mapstogpx.com,Sverrir Sigmundarson,2019-10-24T14:46:45Z,,,,,Fort Myers Beach to Key West,1,24.5616675,-81.7953215,TP262
mapstogpx.com,1.1,http://www.mapstogpx.com,Sverrir Sigmundarson,2019-10-24T14:46:45Z,,,,,Fort Myers Beach to Key West,1,24.56194,-81.79553,TP263
mapstogpx.com,1.1,http://www.mapstogpx.com,Sverrir Sigmundarson,2019-10-24T14:46:45Z,,,,,Fort Myers Beach to Key West,1,24.5619374,-81.7955315,TP264
mapstogpx.com,1.1,http://www.mapstogpx.com,Sverrir Sigmundarson,2019-10-24T14:46:45Z,,,,,Fort Myers Beach to Key West,1,24.5619374,-81.7955315,TP265
mapstogpx.com,1.1,http://www.mapstogpx.com,Sverrir Sigmundarson,2019-10-24T14:46:45Z,,,,,Fort Myers Beach to Key West,1,24.56198,-81.79547,TP266
mapstogpx.com,1.1,http://www.mapstogpx.com,Sverrir Sigmundarson,2019-10-24T14:46:45Z,,,,,Fort Myers Beach to Key West,1,24.56223,-81.79508,TP267
mapstogpx.com,1.1,http://www.mapstogpx.com,Sverrir Sigmundarson,2019-10-24T14:46:45Z,,,,,Fort Myers Beach to Key West,1,24.56228,-81.79499,TP268
mapstogpx.com,1.1,http://www.mapstogpx.com,Sverrir Sigmundarson,2019-10-24T14:46:45Z,,,,,Fort Myers Beach to Key West,1,24.5622844,-81.7949874,TP269
mapstogpx.com,1.1,http://www.mapstogpx.com,Sverrir Sigmundarson,2019-10-24T14:46:45Z,,,,,Fort Myers Beach to Key West,1,24.56228,-81.79485,TP270
mapstogpx.com,1.1,http://www.mapstogpx.com,Sverrir Sigmundarson,2019-10-24T14:46:45Z,,,,,Fort Myers Beach to Key West,1,24.56227,-81.79474,TP271
mapstogpx.com,1.1,http://www.mapstogpx.com,Sverrir Sigmundarson,2019-10-24T14:46:45Z,,,,,Fort Myers Beach to Key West,1,24.56202,-81.7933,TP272
mapstogpx.com,1.1,http://www.mapstogpx.com,Sverrir Sigmundarson,2019-10-24T14:46:45Z,,,,,Fort Myers Beach to Key West,1,24.56188,-81.7925,TP273
mapstogpx.com,1.1,http://www.mapstogpx.com,Sverrir Sigmundarson,2019-10-24T14:46:45Z,,,,,Fort Myers Beach to Key West,1,24.56167,-81.79128,TP274
mapstogpx.com,1.1,http://www.mapstogpx.com,Sverrir Sigmundarson,2019-10-24T14:46:45Z,,,,,Fort Myers Beach to Key West,1,24.56148,-81.79007,TP275
mapstogpx.com,1.1,http://www.mapstogpx.com,Sverrir Sigmundarson,2019-10-24T14:46:45Z,,,,,Fort Myers Beach to Key West,1,24.5614777,-81.7900668,TP276
mapstogpx.com,1.1,http://www.mapstogpx.com,Sverrir Sigmundarson,2019-10-24T14:46:45Z,,,,,Fort Myers Beach to Key West,1,24.5614777,-81.7900668,TP277
mapstogpx.com,1.1,http://www.mapstogpx.com,Sverrir Sigmundarson,2019-10-24T14:46:45Z,,,,,Fort Myers Beach to Key West,1,24.56143,-81.78978,TP278
mapstogpx.com,1.1,http://www.mapstogpx.com,Sverrir Sigmundarson,2019-10-24T14:46:45Z,,,,,Fort Myers Beach to Key West,1,24.56136,-81.78946,TP279
mapstogpx.com,1.1,http://www.mapstogpx.com,Sverrir Sigmundarson,2019-10-24T14:46:45Z,,,,,Fort Myers Beach to Key West,1,24.56134,-81.78932,TP280
mapstogpx.com,1.1,http://www.mapstogpx.com,Sverrir Sigmundarson,2019-10-24T14:46:45Z,,,,,Fort Myers Beach to Key West,1,24.56124,-81.78874,TP281
mapstogpx.com,1.1,http://www.mapstogpx.com,Sverrir Sigmundarson,2019-10-24T14:46:45Z,,,,,Fort Myers Beach to Key West,1,24.56121,-81.78854,TP282
mapstogpx.com,1.1,http://www.mapstogpx.com,Sverrir Sigmundarson,2019-10-24T14:46:45Z,,,,,Fort Myers Beach to Key West,1,24.56118,-81.78835,TP283
mapstogpx.com,1.1,http://www.mapstogpx.com,Sverrir Sigmundarson,2019-10-24T14:46:45Z,,,,,Fort Myers Beach to Key West,1,24.56115,-81.78816,TP284
mapstogpx.com,1.1,http://www.mapstogpx.com,Sverrir Sigmundarson,2019-10-24T14:46:45Z,,,,,Fort Myers Beach to Key West,1,24.56111,-81.78796,TP285
mapstogpx.com,1.1,http://www.mapstogpx.com,Sverrir Sigmundarson,2019-10-24T14:46:45Z,,,,,Fort Myers Beach to Key West,1,24.56102,-81.78741,TP286
mapstogpx.com,1.1,http://www.mapstogpx.com,Sverrir Sigmundarson,2019-10-24T14:46:45Z,,,,,Fort Myers Beach to Key West,1,24.56099,-81.7872,TP287
mapstogpx.com,1.1,http://www.mapstogpx.com,Sverrir Sigmundarson,2019-10-24T14:46:45Z,,,,,Fort Myers Beach to Key West,1,24.56098,-81.78715,TP288
mapstogpx.com,1.1,http://www.mapstogpx.com,Sverrir Sigmundarson,2019-10-24T14:46:45Z,,,,,Fort Myers Beach to Key West,1,24.56096,-81.787,TP289
mapstogpx.com,1.1,http://www.mapstogpx.com,Sverrir Sigmundarson,2019-10-24T14:46:45Z,,,,,Fort Myers Beach to Key West,1,24.56094,-81.78688,TP290
mapstogpx.com,1.1,http://www.mapstogpx.com,Sverrir Sigmundarson,2019-10-24T14:46:45Z,,,,,Fort Myers Beach to Key West,1,24.56093,-81.78681,TP291
mapstogpx.com,1.1,http://www.mapstogpx.com,Sverrir Sigmundarson,2019-10-24T14:46:45Z,,,,,Fort Myers Beach to Key West,1,24.56083,-81.78622,TP292
mapstogpx.com,1.1,http://www.mapstogpx.com,Sverrir Sigmundarson,2019-10-24T14:46:45Z,,,,,Fort Myers Beach to Key West,1,24.5608,-81.78603,TP293
mapstogpx.com,1.1,http://www.mapstogpx.com,Sverrir Sigmundarson,2019-10-24T14:46:45Z,,,,,Fort Myers Beach to Key West,1,24.56073,-81.78564,TP294
mapstogpx.com,1.1,http://www.mapstogpx.com,Sverrir Sigmundarson,2019-10-24T14:46:45Z,,,,,Fort Myers Beach to Key West,1,24.56071,-81.78552,TP295
mapstogpx.com,1.1,http://www.mapstogpx.com,Sverrir Sigmundarson,2019-10-24T14:46:45Z,,,,,Fort Myers Beach to Key West,1,24.5607,-81.78544,TP296
mapstogpx.com,1.1,http://www.mapstogpx.com,Sverrir Sigmundarson,2019-10-24T14:46:45Z,,,,,Fort Myers Beach to Key West,1,24.56067,-81.78525,TP297
mapstogpx.com,1.1,http://www.mapstogpx.com,Sverrir Sigmundarson,2019-10-24T14:46:45Z,,,,,Fort Myers Beach to Key West,1,24.56066,-81.78523,TP298
mapstogpx.com,1.1,http://www.mapstogpx.com,Sverrir Sigmundarson,2019-10-24T14:46:45Z,,,,,Fort Myers Beach to Key West,1,24.56064,-81.78508,TP299
mapstogpx.com,1.1,http://www.mapstogpx.com,Sverrir Sigmundarson,2019-10-24T14:46:45Z,,,,,Fort Myers Beach to Key West,1,24.56061,-81.78498,TP300
mapstogpx.com,1.1,http://www.mapstogpx.com,Sverrir Sigmundarson,2019-10-24T14:46:45Z,,,,,Fort Myers Beach to Key West,1,24.5606,-81.78491,TP301
mapstogpx.com,1.1,http://www.mapstogpx.com,Sverrir Sigmundarson,2019-10-24T14:46:45Z,,,,,Fort Myers Beach to Key West,1,24.56058,-81.78484,TP302
mapstogpx.com,1.1,http://www.mapstogpx.com,Sverrir Sigmundarson,2019-10-24T14:46:45Z,,,,,Fort Myers Beach to Key West,1,24.56053,-81.78472,TP303
mapstogpx.com,1.1,http://www.mapstogpx.com,Sverrir Sigmundarson,2019-10-24T14:46:45Z,,,,,Fort Myers Beach to Key West,1,24.56047,-81.78456,TP304
mapstogpx.com,1.1,http://www.mapstogpx.com,Sverrir Sigmundarson,2019-10-24T14:46:45Z,,,,,Fort Myers Beach to Key West,1,24.56043,-81.78446,TP305
mapstogpx.com,1.1,http://www.mapstogpx.com,Sverrir Sigmundarson,2019-10-24T14:46:45Z,,,,,Fort Myers Beach to Key West,1,24.56026,-81.78415,TP306
mapstogpx.com,1.1,http://www.mapstogpx.com,Sverrir Sigmundarson,2019-10-24T14:46:45Z,,,,,Fort Myers Beach to Key West,1,24.56014,-81.78402,TP307
mapstogpx.com,1.1,http://www.mapstogpx.com,Sverrir Sigmundarson,2019-10-24T14:46:45Z,,,,,Fort Myers Beach to Key West,1,24.56002,-81.7839,TP308
mapstogpx.com,1.1,http://www.mapstogpx.com,Sverrir Sigmundarson,2019-10-24T14:46:45Z,,,,,Fort Myers Beach to Key West,1,24.55991,-81.78381,TP309
mapstogpx.com,1.1,http://www.mapstogpx.com,Sverrir Sigmundarson,2019-10-24T14:46:45Z,,,,,Fort Myers Beach to Key West,1,24.55981,-81.78373,TP310
mapstogpx.com,1.1,http://www.mapstogpx.com,Sverrir Sigmundarson,2019-10-24T14:46:45Z,,,,,Fort Myers Beach to Key West,1,24.5598,-81.78371,TP311
mapstogpx.com,1.1,http://www.mapstogpx.com,Sverrir Sigmundarson,2019-10-24T14:46:45Z,,,,,Fort Myers Beach to Key West,1,24.55975,-81.78368,TP312
mapstogpx.com,1.1,http://www.mapstogpx.com,Sverrir Sigmundarson,2019-10-24T14:46:45Z,,,,,Fort Myers Beach to Key West,1,24.55969,-81.78364,TP313
mapstogpx.com,1.1,http://www.mapstogpx.com,Sverrir Sigmundarson,2019-10-24T14:46:45Z,,,,,Fort Myers Beach to Key West,1,24.5596906,-81.7836371,TP314
mapstogpx.com,1.1,http://www.mapstogpx.com,Sverrir Sigmundarson,2019-10-24T14:46:45Z,,,,,Fort Myers Beach to Key West,1,24.5593,-81.78335,TP315
mapstogpx.com,1.1,http://www.mapstogpx.com,Sverrir Sigmundarson,2019-10-24T14:46:45Z,,,,,Fort Myers Beach to Key West,1,24.55907,-81.78317,TP316
mapstogpx.com,1.1,http://www.mapstogpx.com,Sverrir Sigmundarson,2019-10-24T14:46:45Z,,,,,Fort Myers Beach to Key West,1,24.55856,-81.78277,TP317
mapstogpx.com,1.1,http://www.mapstogpx.com,Sverrir Sigmundarson,2019-10-24T14:46:45Z,,,,,Fort Myers Beach to Key West,1,24.55835,-81.78261,TP318
mapstogpx.com,1.1,http://www.mapstogpx.com,Sverrir Sigmundarson,2019-10-24T14:46:45Z,,,,,Fort Myers Beach to Key West,1,24.55796,-81.78231,TP319
mapstogpx.com,1.1,http://www.mapstogpx.com,Sverrir Sigmundarson,2019-10-24T14:46:45Z,,,,,Fort Myers Beach to Key West,1,24.55738,-81.78186,TP320
mapstogpx.com,1.1,http://www.mapstogpx.com,Sverrir Sigmundarson,2019-10-24T14:46:45Z,,,,,Fort Myers Beach to Key West,1,24.55681,-81.78141,TP321
mapstogpx.com,1.1,http://www.mapstogpx.com,Sverrir Sigmundarson,2019-10-24T14:46:45Z,,,,,Fort Myers Beach to Key West,1,24.55657,-81.78122,TP322
mapstogpx.com,1.1,http://www.mapstogpx.com,Sverrir Sigmundarson,2019-10-24T14:46:45Z,,,,,Fort Myers Beach to Key West,1,24.55622,-81.78094,TP323
mapstogpx.com,1.1,http://www.mapstogpx.com,Sverrir Sigmundarson,2019-10-24T14:46:45Z,,,,,Fort Myers Beach to Key West,1,24.55595,-81.78074,TP324
mapstogpx.com,1.1,http://www.mapstogpx.com,Sverrir Sigmundarson,2019-10-24T14:46:45Z,,,,,Fort Myers Beach to Key West,1,24.55565,-81.78049,TP325
mapstogpx.com,1.1,http://www.mapstogpx.com,Sverrir Sigmundarson,2019-10-24T14:46:45Z,,,,,Fort Myers Beach to Key West,1,24.5555,-81.78038,TP326
mapstogpx.com,1.1,http://www.mapstogpx.com,Sverrir Sigmundarson,2019-10-24T14:46:45Z,,,,,Fort Myers Beach to Key West,1,24.55535,-81.78026,TP327
mapstogpx.com,1.1,http://www.mapstogpx.com,Sverrir Sigmundarson,2019-10-24T14:46:45Z,,,,,Fort Myers Beach to Key West,1,24.55506,-81.78004,TP328
mapstogpx.com,1.1,http://www.mapstogpx.com,Sverrir Sigmundarson,2019-10-24T14:46:45Z,,,,,Fort Myers Beach to Key West,1,24.5550558,-81.7800357,TP329
mapstogpx.com,1.1,http://www.mapstogpx.com,Sverrir Sigmundarson,2019-10-24T14:46:45Z,,,,,Fort Myers Beach to Key West,1,24.5550558,-81.7800357,TP330
mapstogpx.com,1.1,http://www.mapstogpx.com,Sverrir Sigmundarson,2019-10-24T14:46:45Z,,,,,Fort Myers Beach to Key West,1,24.55508,-81.78,TP331
mapstogpx.com,1.1,http://www.mapstogpx.com,Sverrir Sigmundarson,2019-10-24T14:46:45Z,,,,,Fort Myers Beach to Key West,1,24.5550772,-81.7800002,TP332
